156.212.17.206,21.56.249.248,13774,44092,1372
191.142.98.197,90.156.5.187,27555,6240,462
168.10.75.5,134.37.179.124,24449,51116,1844
101.11.34.83,181.8.11.225,55021,4099,154
33.143.227.71,231.222.76.170,57284,14150,645
183.216.206.145,156.226.140.128,55173,10638,1538
225.159.186.216,122.103.109.69,47137,28148,313
180.152.0.69,243.163.218.171,46082,18233,119
68.227.220.104,229.16.173.220,54162,59914,1549
90.140.233.87,230.143.237.101,59714,11967,1711
158.194.128.215,102.109.227.96,3438,22482,1316
70.1.30.71,82.213.131.180,56844,3310,760
17.148.89.87,128.38.115.86,33923,7190,497
103.108.85.76,153.35.206.160,3949,26562,849
221.102.186.106,200.33.254.174,7287,16914,1512
1.14.66.96,191.101.78.179,60174,22381,746
224.152.141.162,152.84.127.202,39333,29945,75
124.130.208.7,26.146.223.16,43656,49331,1425
79.140.147.128,86.63.58.174,51588,29045,1069
111.180.59.24,169.221.69.5,29422,9478,1943
104.129.15.122,242.209.9.223,5865,7315,1331
195.221.177.16,0.214.134.125,52962,44373,1277
121.226.143.51,241.247.197.73,64894,5102,1641
155.109.56.195,206.152.129.178,1695,47496,115
60.4.76.59,82.201.208.251,18885,16563,1946
75.216.212.123,122.213.75.240,55026,2691,1463
218.38.224.173,203.246.152.109,25121,23374,390
9.72.120.8,100.120.1.169,46643,51364,920
186.151.46.36,148.9.146.141,16927,17964,846
47.83.43.124,71.201.66.74,21781,44671,625
233.194.50.129,75.81.114.141,3194,3217,984
144.46.202.55,236.132.168.243,58994,5601,14
24.184.14.234,177.69.79.235,16966,50067,754
88.75.185.51,232.175.173.1,64061,41428,1922
162.154.70.222,69.168.152.67,55162,15096,1428
73.202.153.150,73.199.26.205,32095,47002,1020
43.80.135.179,148.2.159.92,35042,14762,432
154.53.192.14,170.3.22.37,43463,15933,229
83.119.63.42,148.36.23.51,41675,6223,1339
68.241.211.228,65.190.186.29,29334,50045,1692
31.215.245.87,228.116.128.186,32353,45063,401
131.167.112.66,95.84.242.14,46383,34791,1219
209.227.4.196,181.189.245.40,37331,4139,265
87.238.192.90,41.242.46.22,19465,38847,451
9.31.204.168,151.64.165.74,32454,53386,251
147.166.153.33,28.90.216.50,33491,27446,1069
203.128.190.120,144.245.5.134,51458,58263,1802
138.243.4.17,57.30.124.160,45907,60158,1528
137.254.84.209,98.192.116.215,1194,26092,1021
108.173.153.234,81.239.13.101,65307,45942,551
128.176.177.207,201.26.51.239,15839,32897,1290
196.119.182.251,63.128.76.51,2644,55980,1187
28.168.98.149,59.11.255.202,6031,4159,834
197.63.116.18,79.219.240.119,7637,31672,226
208.211.245.160,31.176.231.147,40907,33572,647
55.107.227.122,89.164.12.3,55242,22008,1788
149.66.136.229,197.203.186.199,10291,31561,185
150.106.147.245,242.49.245.206,19904,6348,1460
149.211.61.70,20.49.114.107,52093,31588,395
59.215.23.52,168.80.250.74,6444,37157,285
23.195.4.82,175.133.135.168,15264,29024,209
211.149.166.197,38.122.47.141,27405,15389,1156
239.73.203.96,210.93.187.53,54059,47315,1632
91.239.1.180,48.197.42.104,38494,56966,203
187.15.52.158,96.224.42.84,16368,13091,320
54.9.50.28,248.240.243.233,64026,41851,492
173.207.86.6,230.198.179.237,29330,15801,719
5.255.24.156,215.209.49.58,4238,39010,1388
231.95.247.254,236.192.136.75,48651,491,77
198.31.230.164,237.90.201.137,48606,55268,1747
70.215.198.226,173.44.36.126,5085,42572,1487
250.194.255.44,235.93.127.12,36452,31223,552
168.191.221.135,201.136.242.230,51793,49508,166
176.37.157.156,54.126.252.17,47147,64574,1437
130.20.235.73,153.56.214.250,51923,9351,1935
143.223.63.197,133.95.37.13,52771,15995,392
252.68.52.233,51.61.145.80,4127,3451,57
86.220.25.103,219.225.129.97,52638,52822,677
179.148.184.53,120.36.219.116,14351,8765,842
250.101.61.228,80.242.215.169,33587,64796,1525
165.76.150.77,198.71.160.148,8304,58545,1134
111.59.48.161,68.91.99.35,15138,27187,1178
71.153.88.172,175.131.168.6,56463,25192,1665
119.40.49.117,212.67.140.70,42952,17300,317
219.97.231.174,227.231.114.105,21163,41687,942
194.144.190.70,148.215.100.43,60822,13145,1041
102.8.147.94,172.240.117.109,46462,43056,287
71.151.190.52,223.112.38.140,38537,43103,237
11.235.45.73,180.188.2.2,33001,45924,1287
174.27.226.88,219.144.240.39,20426,38472,1915
150.242.217.10,143.235.151.220,59015,37963,185
182.136.78.151,155.209.39.203,9001,25108,1807
195.85.38.2,202.126.20.160,24281,14132,1162
32.63.30.194,95.156.8.30,60996,43008,838
140.3.78.105,68.78.0.121,1904,16840,1878
116.86.166.233,224.230.208.115,59366,4704,1710
175.246.173.130,219.11.29.47,2467,44180,1473
4.230.156.26,50.173.198.167,41278,22553,99
255.100.200.195,91.178.109.93,41477,23247,1638
19.81.153.190,245.174.73.91,57425,59019,414
95.189.133.139,81.57.80.198,43743,61229,671
213.100.97.122,160.82.109.221,34592,1135,234
7.175.236.58,139.170.126.180,47517,9698,833
170.154.138.175,85.7.221.38,18385,7585,1875
134.197.152.63,136.158.188.44,37764,9036,1973
33.31.72.171,199.208.136.227,21908,53556,1530
83.166.177.254,66.85.141.173,45550,51094,384
23.85.226.225,90.171.221.98,58177,45535,1797
62.75.119.59,27.179.49.98,40214,22862,372
65.47.134.175,193.181.69.12,46355,39824,245
66.33.21.142,163.123.13.204,2353,47230,1310
193.118.202.184,244.2.177.180,59892,22334,1058
162.20.209.92,145.25.76.33,3756,20505,849
93.64.205.116,155.92.184.99,11769,59952,1267
237.157.40.221,247.248.240.134,23760,63344,1891
78.112.77.78,115.42.9.77,9296,5977,833
37.132.104.254,33.129.220.43,32629,25899,515
233.195.136.57,0.142.98.205,3761,33007,1384
208.121.111.196,77.57.10.195,37388,30993,594
240.127.225.163,233.168.65.227,41981,10303,1920
93.76.235.199,35.64.124.16,53696,21320,152
225.165.14.64,130.25.69.173,185,12361,69
56.92.145.80,40.140.95.131,37312,9865,1807
33.131.67.70,117.205.44.27,61116,44528,288
101.130.39.227,206.147.132.226,39942,61294,658
248.251.181.65,88.211.31.230,56539,35242,1114
180.45.168.177,191.193.65.0,56258,58208,1910
51.43.149.175,55.142.191.89,33836,30552,1145
166.218.229.113,214.53.172.138,41097,52729,771
25.11.41.75,39.183.238.253,29365,27018,1547
235.12.149.163,123.220.129.74,65261,7150,1520
159.210.87.1,0.72.119.202,719,12108,1038
193.66.154.255,24.137.184.219,65502,35797,477
157.174.136.70,13.225.90.154,47342,16189,1136
189.83.1.189,47.114.248.246,39053,15086,754
179.224.216.69,75.11.223.67,59111,44746,945
39.255.165.36,225.172.24.200,5665,53361,579
9.205.232.101,173.34.32.16,25470,7406,53
248.141.227.3,12.130.210.153,4680,27625,721
137.192.147.73,16.216.144.39,15750,21317,1176
4.138.77.237,126.212.43.202,36033,16856,1821
52.236.237.233,44.206.176.233,52256,17973,1357
230.118.249.218,204.32.59.206,18486,38852,1336
175.41.185.111,45.88.67.5,48503,19246,79
130.71.184.180,201.223.163.190,52448,9601,460
160.69.46.97,76.176.102.41,24974,7030,1632
14.233.172.102,70.26.181.72,10620,48094,1410
129.219.35.19,152.1.222.117,61888,58936,1046
137.68.212.186,255.198.245.185,28025,33469,1577
51.132.88.175,143.8.240.146,4957,18824,323
214.11.84.36,241.216.78.209,29518,7109,951
130.231.212.161,32.81.39.113,17443,7893,1717
115.45.45.30,207.111.129.86,54684,5920,1683
17.65.206.136,62.120.176.62,45067,14796,235
166.27.71.73,255.76.81.37,37409,32659,1465
12.34.95.171,173.114.218.117,63810,7119,1391
202.71.63.222,13.75.155.215,38559,57922,706
50.254.166.190,4.150.67.33,20842,33113,1275
29.93.142.138,19.85.70.100,19887,55970,81
82.52.62.182,156.174.219.183,53623,28557,171
217.130.13.165,190.2.40.139,38098,43414,525
29.17.53.163,190.173.61.140,44715,63642,512
204.89.41.185,77.198.172.212,55835,20387,1777
75.130.3.142,244.33.12.178,52823,22230,1583
51.162.168.66,102.39.193.194,8910,40791,1606
56.110.84.18,120.94.241.123,20285,36604,1043
55.28.74.208,88.140.181.241,28939,30578,1181
54.72.43.110,90.235.148.236,7517,5532,1490
125.77.191.238,58.244.243.73,34727,5327,1442
231.103.194.200,34.80.119.129,59876,51427,1715
196.132.71.221,225.63.198.14,64749,42078,38
175.78.204.23,206.172.140.2,34122,30279,329
224.55.144.227,121.230.54.244,61455,55334,1490
207.18.99.153,132.23.1.116,38749,13878,569
188.35.212.159,17.202.204.68,12453,21297,1703
5.135.62.213,70.232.153.47,54938,18923,1028
0.232.102.71,192.181.162.131,29142,28706,312
178.163.35.146,236.192.15.106,27278,52161,19
60.126.255.56,43.249.18.136,21279,51082,559
202.120.13.221,210.128.229.128,22408,11335,1338
228.53.176.208,183.161.70.94,29231,59141,443
57.233.25.218,202.24.254.44,64114,30359,1774
108.155.253.154,132.85.99.192,50287,20222,790
192.34.133.196,5.64.179.182,679,9888,644
5.132.138.38,127.226.187.104,25664,8976,383
35.180.11.171,90.29.138.33,32904,43980,1160
62.208.85.105,107.72.56.74,11472,38857,1064
138.85.34.102,138.177.251.241,3787,37016,1617
231.155.75.190,128.191.51.97,22125,42368,855
142.107.24.92,211.173.188.219,51003,41634,1546
104.107.107.53,60.123.121.199,21656,5219,205
22.241.13.227,167.15.69.74,20889,48258,912
164.75.94.238,55.206.105.244,31539,37764,1185
150.215.251.252,131.186.6.59,43674,18970,1818
32.1.86.211,254.132.183.136,27595,1185,507
121.185.98.203,110.204.191.66,9821,50903,1364
131.23.214.250,199.56.243.70,16683,15092,194
170.175.185.139,118.214.93.82,61254,7278,1879
77.207.103.158,196.101.143.71,63810,11016,455
209.109.238.247,6.251.221.45,6844,13571,1698
60.8.188.202,196.222.51.171,11210,34194,1715
230.238.221.118,127.58.71.212,38793,56665,678
178.185.52.171,233.211.219.57,4658,15409,216
199.187.222.74,69.215.231.174,54066,25754,1062
236.110.80.207,212.180.129.234,34405,52213,1789
32.155.183.165,6.11.84.52,20627,4239,446
222.104.171.78,122.221.8.248,41231,47650,400
37.152.16.218,148.184.116.17,39721,58214,1172
88.125.196.240,165.53.112.45,53084,14678,1456
255.106.194.17,48.150.66.7,58524,6131,294
119.92.42.11,187.122.158.3,24096,30833,315
159.30.237.8,96.103.184.100,24418,12522,738
78.131.93.68,182.166.67.203,52704,11634,1097
63.232.30.84,241.134.183.181,51126,21821,1930
150.32.248.100,20.108.236.102,1071,14705,184
67.240.14.136,81.186.6.197,38553,27431,585
64.144.174.3,146.25.172.189,12818,16514,309
78.84.31.177,140.59.174.108,19920,64279,500
109.112.153.120,189.88.246.18,59568,5362,517
29.21.214.253,37.74.232.248,55259,54714,14
50.15.11.27,200.55.127.75,51224,4212,279
183.136.255.104,169.38.244.229,30035,63595,624
22.60.179.96,66.92.83.69,18823,17249,385
221.99.186.104,170.77.205.239,19542,45141,69
194.150.132.91,194.231.27.190,28508,27402,1560
235.9.206.36,156.29.209.252,17464,37241,1815
168.227.61.106,68.116.44.106,38747,9583,1345
234.120.52.70,124.246.110.246,7882,42843,1565
15.31.15.193,85.204.251.134,51067,24960,1693
188.205.14.176,22.165.47.115,50125,51065,510
187.209.64.156,6.151.122.9,53404,5180,1766
0.107.214.103,43.209.214.221,16544,41804,1649
83.184.180.98,123.85.246.169,46765,27109,102
72.186.193.237,174.92.15.167,63043,45120,1850
130.79.26.148,134.95.218.234,13782,39442,1832
67.190.84.64,146.134.148.23,54893,31077,1585
25.148.132.106,56.19.222.139,17382,4279,1754
198.254.92.228,37.57.240.225,12829,31706,995
0.139.189.33,64.22.107.235,56107,50139,152
195.158.130.192,26.131.253.112,30279,45193,78
246.238.248.6,163.71.38.50,35776,62976,590
246.152.249.138,219.9.106.34,31541,48280,1587
186.167.28.187,194.142.140.148,7730,2569,83
214.4.145.211,169.182.123.186,59392,63042,1341
192.44.220.144,184.166.144.73,45658,11498,906
40.200.234.88,39.166.100.127,44357,64162,323
215.108.2.44,114.200.96.29,23198,52239,782
106.150.89.48,254.90.184.38,4290,65101,1063
205.78.79.52,56.39.121.141,21264,39571,1510
254.119.111.251,183.208.150.89,7892,6078,791
40.227.82.166,137.44.43.101,58916,19271,970
79.125.73.236,134.251.125.97,57780,65333,1718
15.105.38.30,102.96.131.195,62145,64750,1424
123.144.17.226,215.110.232.29,10305,9114,154
115.189.71.7,163.133.235.211,64834,61722,1686
161.237.43.44,84.27.139.226,42683,1176,1004
212.200.40.184,71.184.122.207,47629,16393,1999
50.94.21.157,226.159.99.250,127,13834,29
211.130.218.1,122.108.129.140,53280,5806,1131
94.201.255.200,118.198.90.166,47180,14762,800
193.196.61.232,188.136.155.201,30161,29399,344
61.75.224.115,217.8.151.3,43663,40376,1711
61.155.165.222,244.32.192.74,52557,43089,371
170.249.97.214,89.154.42.78,60514,5078,1742
124.68.108.73,146.114.66.114,20704,30832,1136
61.95.17.250,42.167.189.198,43224,25170,1319
124.46.226.225,122.87.28.82,6777,47191,1597
238.12.129.168,219.42.27.208,61593,63797,1817
5.66.255.32,69.221.227.148,33856,33566,1931
205.192.108.227,25.6.31.99,5048,60351,1008
162.146.161.131,56.64.191.125,63232,57471,1830
64.162.88.216,189.209.13.70,64373,64255,180
113.115.5.92,75.65.107.198,40239,171,543
176.137.129.189,20.188.1.180,25319,61492,558
114.140.245.179,72.82.72.219,24788,28174,1423
37.129.53.94,95.179.117.193,63387,57760,1631
186.195.139.148,196.4.211.174,31639,59409,1603
97.221.24.224,127.80.106.224,49654,49025,1381
253.147.110.162,162.226.72.135,48021,63161,1515
199.238.176.86,149.209.164.83,42439,65387,1990
10.64.72.109,37.139.81.237,6724,15383,450
46.30.29.205,138.43.166.220,4458,26816,755
108.51.82.141,4.234.78.42,34941,9900,1067
193.91.155.231,161.124.12.36,49487,41908,789
199.173.18.232,191.90.103.134,20228,52731,389
120.212.44.163,59.107.158.55,47880,18333,1204
130.111.124.139,143.105.118.94,54757,3070,1853
245.121.205.160,159.147.54.220,7018,30092,1773
4.229.189.172,217.83.50.253,25972,3012,167
127.83.252.178,236.206.53.201,41408,37605,1630
116.220.220.185,165.13.154.212,38435,52233,647
229.92.94.19,53.164.108.249,19449,18346,1887
86.6.6.127,211.41.228.145,24298,63818,567
245.243.29.108,106.252.159.219,58829,26699,1940
0.187.185.1,62.177.59.60,40938,2426,1788
50.56.17.239,125.193.157.102,45650,5889,1021
117.156.16.177,12.242.2.216,27593,46141,845
99.31.22.87,67.10.32.19,10861,53384,1221
58.79.4.11,61.148.165.203,44187,17794,337
237.241.97.129,207.0.224.154,20946,50681,574
13.138.134.29,151.159.110.46,47131,45270,1694
107.6.98.126,173.165.77.127,6612,984,335
65.128.87.78,201.246.242.169,36260,23830,1671
51.217.121.148,57.82.186.118,50221,51121,62
125.109.21.26,244.181.35.108,10860,18497,1317
241.11.100.161,149.252.171.3,18023,51260,721
120.87.173.22,249.249.10.243,49272,27511,594
133.195.207.38,1.151.166.242,39153,51430,1209
23.140.134.46,217.205.32.208,63851,32874,1263
109.168.206.245,120.128.208.100,53682,47012,879
230.19.252.183,15.75.241.46,46676,48523,1525
70.119.11.28,115.211.194.7,46188,14689,1962
255.34.191.86,84.174.185.112,60983,52792,1663
21.174.14.125,100.247.204.22,19425,41984,108
101.247.4.56,132.246.156.1,64979,48461,1380
13.200.155.219,9.87.106.226,43170,32310,416
66.16.172.113,152.151.155.100,46021,52495,1108
10.28.63.124,243.191.189.142,56564,26834,1352
239.153.240.71,61.50.214.162,4467,51079,1176
150.129.95.180,28.195.178.156,1511,29577,1098
179.241.149.112,197.254.99.73,13139,33430,1858
34.189.233.196,44.1.123.190,60088,40471,1472
71.246.34.112,68.192.201.136,37103,13800,823
238.152.182.41,13.201.227.18,60524,6139,1765
218.166.67.212,94.217.115.37,54362,44259,1600
244.2.84.144,144.199.194.218,33252,8993,195
72.70.31.151,234.207.230.253,64417,21033,1689
71.180.236.207,49.21.78.197,2051,36268,1080
19.245.86.131,77.51.175.101,52958,42750,1516
2.215.144.134,138.10.48.215,23400,61687,974
71.11.135.207,77.14.170.231,2069,44599,659
151.90.141.115,9.120.1.72,46128,8525,1087
123.229.81.103,235.215.16.240,36472,8656,416
96.66.181.20,100.244.88.207,50259,35989,904
116.191.192.247,209.139.161.63,8441,37223,503
153.67.48.46,216.41.133.53,10996,10629,1666
201.243.220.156,151.221.157.165,56751,46996,77
162.74.231.24,142.142.6.232,13953,8607,1452
18.102.201.26,37.188.97.128,14834,25200,70
31.50.5.5,25.183.255.119,52856,34674,1571
66.96.155.255,133.121.202.178,13637,52894,1403
225.207.179.12,211.68.11.234,61152,51951,1126
125.178.220.108,236.229.209.18,56099,5692,1781
197.230.232.198,24.115.200.58,14322,14613,1228
188.47.182.209,20.81.197.249,6042,16085,1786
117.99.68.209,42.47.159.44,3639,47196,1726
219.35.1.192,253.193.89.218,3980,9636,1250
43.112.193.246,39.165.75.74,34223,48727,285
194.217.181.64,198.126.131.40,33614,20717,138
206.117.255.62,102.196.86.103,39699,26921,197
196.175.224.203,190.76.57.240,29018,49164,1370
184.161.207.103,56.56.251.121,63790,24130,1015
138.176.28.204,113.215.114.221,51685,12165,904
115.31.186.66,169.249.154.98,34921,32448,338
78.190.148.131,29.169.222.118,37817,42252,1876
128.42.49.63,251.249.35.144,63545,35985,1892
30.241.50.78,3.187.182.216,5399,18209,448
33.23.125.119,204.65.20.109,27225,24568,1952
155.77.129.215,47.108.100.102,129,18392,435
203.44.243.40,144.13.72.151,32529,37014,1388
100.3.145.35,237.131.123.161,56427,16939,997
26.222.141.161,143.22.254.188,18340,21215,827
148.175.81.242,229.69.63.20,45886,220,808
188.161.111.191,89.123.185.157,15460,56050,1841
77.79.98.242,46.254.252.169,54775,31396,1992
1.40.138.222,224.92.97.75,31778,27114,1002
208.225.253.53,13.218.214.184,9790,56947,752
49.39.184.136,147.254.195.61,24862,567,429
24.84.166.61,17.17.232.92,62651,13640,783
78.138.182.71,163.84.75.18,27493,49188,1644
56.7.104.205,142.11.187.48,30271,20913,195
195.47.63.197,10.248.163.154,27533,19856,1337
235.143.112.232,172.51.158.13,45796,13700,1684
171.190.91.218,223.61.4.206,25147,46840,1510
102.40.54.36,189.209.50.57,31316,22023,674
200.176.99.9,56.35.227.29,41598,46491,689
36.113.168.198,95.96.195.130,44813,23448,569
126.145.150.47,16.90.24.121,55626,63022,501
60.196.77.118,36.20.201.149,21448,60290,24
86.156.202.6,149.227.207.72,64341,26974,1447
2.38.133.89,171.240.221.120,5733,17747,97
204.232.84.68,141.104.224.72,55916,57233,1465
139.47.92.105,107.44.172.184,33876,2330,1803
1.183.193.246,105.205.122.168,6879,9023,1168
161.253.109.137,183.5.38.76,7039,2025,1108
73.125.238.134,151.119.230.57,3294,52641,579
87.205.92.52,62.21.160.183,64101,41168,298
200.38.200.127,154.247.83.7,13245,56720,1214
76.66.180.49,206.120.105.224,17284,57220,17
52.197.131.207,164.195.56.113,48470,39778,1215
221.81.77.78,242.223.36.79,63627,19697,1904
212.179.30.182,148.212.19.94,29173,15131,294
89.184.107.226,34.160.0.101,57922,3822,182
141.75.147.12,240.245.190.133,25810,20645,1827
80.80.125.70,42.181.12.75,43040,21701,1617
178.249.230.27,180.213.149.64,23811,35800,1044
168.70.179.185,136.50.143.28,54741,63504,1406
160.93.144.76,60.54.216.175,9884,46522,1247
17.231.122.174,166.243.205.86,42744,43490,1123
101.163.49.83,159.172.34.13,55139,30548,961
16.195.18.250,32.49.112.211,61971,39720,478
223.92.8.89,53.178.86.64,17512,55459,654
24.168.243.23,91.209.113.33,42900,22202,1022
33.251.136.90,101.185.18.58,3057,22860,1951
116.24.179.43,108.5.134.177,52706,33901,1631
240.3.91.30,188.164.105.176,15799,38119,795
255.37.12.186,248.137.151.62,17260,50521,45
172.115.229.248,228.9.17.34,32731,59057,257
228.151.24.53,109.32.235.216,48734,43100,738
74.158.49.2,88.69.27.155,21822,41760,963
210.62.244.203,240.4.212.112,677,55342,1715
21.88.170.196,86.165.81.88,3357,63641,1314
220.84.19.141,183.3.189.18,60732,28644,447
79.202.127.105,174.162.196.47,13822,12703,1788
214.80.84.241,106.23.235.29,37770,5766,1344
191.86.214.76,71.173.215.97,18695,30476,6
192.194.116.114,186.22.85.117,24844,58247,1374
240.183.29.77,133.106.57.98,22083,29536,467
33.251.240.221,139.135.143.77,3031,46655,479
89.226.204.236,222.55.72.130,26998,42606,459
67.143.240.71,215.21.209.9,3984,22436,1413
81.35.25.147,141.96.238.168,51466,27924,824
113.33.57.108,203.116.120.103,18102,6269,1626
200.50.2.110,142.129.91.136,14394,28006,424
103.37.131.0,172.192.146.72,40676,31251,1482
10.59.245.39,55.215.216.194,57726,62680,1562
91.197.116.211,247.198.214.199,3635,44340,423
58.134.65.63,168.149.169.100,12245,53116,1995
125.221.105.238,175.186.136.166,40104,34291,1169
140.177.147.177,70.7.245.211,1038,16801,565
131.35.159.94,136.203.10.170,11250,58968,875
206.81.211.197,161.140.146.119,11034,26347,287
174.69.218.133,100.29.36.204,11655,35175,510
206.116.130.235,17.207.83.187,27104,57543,1489
232.103.207.70,140.84.105.123,15012,53779,1093
254.236.109.186,54.27.38.143,550,41733,766
26.244.65.32,120.231.191.192,52787,52814,1077
48.229.221.21,33.31.20.177,21803,17941,986
147.98.30.144,254.146.228.212,2905,6056,932
128.140.54.193,138.37.134.130,716,29602,148
128.29.78.236,122.85.55.218,48928,30082,115
216.138.229.239,250.99.238.178,13643,43428,1074
172.161.69.56,7.14.91.110,36346,7090,1176
249.68.46.117,120.64.244.99,6854,63198,1136
103.207.130.151,197.228.234.86,8927,47550,94
167.85.249.161,174.101.242.85,2135,37126,271
202.80.255.112,163.78.60.4,33938,33506,1919
218.166.38.113,18.174.242.78,13333,36158,1489
78.105.74.73,207.225.213.45,59974,30235,1951
177.227.236.131,128.207.235.46,57517,5386,1730
151.255.121.199,136.24.233.79,44260,13624,407
125.175.230.129,34.37.183.121,22636,22291,100
36.189.166.164,141.183.160.193,12741,22574,1991
145.77.169.204,106.11.171.10,40612,43955,536
240.238.136.92,75.219.136.150,23671,63514,1747
93.9.105.100,228.79.188.150,34491,49117,665
167.55.5.82,120.204.227.62,23731,64087,890
146.2.154.169,84.19.56.154,63933,42400,1701
5.195.241.9,63.181.73.7,43055,37350,1350
91.163.88.125,248.106.237.19,51514,19799,1399
93.233.128.130,182.91.193.81,42679,2435,1502
42.221.217.122,119.228.56.116,63207,64137,1703
231.191.244.113,176.6.149.124,46175,49548,388
219.238.129.75,47.150.24.77,51551,27091,1357
162.87.27.98,113.238.133.222,9097,61028,961
45.193.21.204,56.242.136.124,19894,40477,1374
223.98.173.205,216.104.160.254,63389,44899,1285
29.115.96.85,172.57.237.122,22355,63858,242
243.134.162.207,237.204.68.23,55011,58848,1036
107.244.183.92,103.110.136.29,32124,13654,769
138.60.148.218,29.194.78.186,6200,60423,826
153.226.6.116,219.180.101.26,14225,62964,324
108.255.116.222,184.14.160.234,23256,47572,1330
151.138.156.7,111.133.175.236,37721,29547,151
7.8.5.220,126.177.239.223,64818,31910,1173
238.22.184.172,14.167.234.146,8308,56445,412
1.171.49.132,171.173.80.93,53435,16683,179
165.98.194.208,76.52.58.3,33091,64734,1948
132.236.75.0,212.207.226.126,52248,28906,726
106.187.156.156,47.166.113.120,1510,33621,471
248.39.65.228,204.136.253.215,4231,55814,1606
17.128.229.202,188.226.16.61,11985,63493,392
97.1.14.238,88.98.177.251,23081,12364,705
133.206.131.186,26.13.34.79,26560,40886,339
155.81.224.44,152.55.252.211,31977,52626,357
56.173.149.142,142.114.42.250,63354,43825,518
185.24.105.133,73.67.235.177,40124,10072,766
1.69.121.221,232.35.27.52,15280,19233,1730
84.227.238.229,131.10.188.193,47614,47839,460
150.255.204.187,224.168.41.220,36940,62117,1966
125.125.139.180,15.81.72.160,11475,3067,1170
3.136.230.69,101.179.42.82,34722,20597,1051
92.124.168.163,184.234.189.182,25340,44511,1938
206.71.36.79,144.24.232.45,52649,19360,758
107.12.173.231,194.153.49.146,38511,44160,1561
148.89.0.98,248.96.212.111,63991,26246,1161
127.166.181.110,89.206.133.17,57965,26728,1027
61.103.43.218,29.147.212.150,6188,30215,1506
69.205.221.213,49.137.57.179,58122,21857,213
111.188.86.98,102.128.46.21,25959,60452,1281
